lat,lon,chlorophyll_at_location,presence
-25.783021397763022,72.880436791103,0.043752924,0
27.810923263062975,-0.01159385371002486,nan,0
39.72803513369976,-2.347978439351607,nan,0
41.86190462391474,-140.59531300100903,0.20445882,0
-24.994376340643868,-100.91113538169994,0.023081208,0
32.55155945395556,139.09957868505091,0.18978861,0
60.26848457809521,152.68062593080032,nan,0
-13.211202608225165,-94.97773866015915,0.13844177,0
-5.496307344822981,-38.76767035598448,nan,0
-70.47692298650298,8.084075078395443,nan,0
-81.15105151096458,-116.37275699937324,nan,0
-37.79034209968311,162.08660931359555,0.22370985,0
5.8546139148166105,33.754308685685885,nan,0
-33.03855619800719,-69.50289560281627,nan,0
88.67304034935634,-159.28614781433262,nan,0
81.48080371475282,-39.8919773238114,nan,0
27.4547,-77.5479,0.07366602,1
1.856645751025738,-5.625944155965357,0.16978966,0
-51.21669961535621,174.18579180745013,0.18277375,0
76.48987121951555,152.9057238487414,1.8798364,0
37.43838263651874,-131.0465249474376,0.15163414,0
-85.68097277845514,52.3670227291602,nan,0
42.587822998825885,10.212294984692875,0.241816,0
83.25534391777563,169.79112498822792,nan,0
-78.14151966472006,-110.42036560567158,nan,0
58.41625147485746,10.667064766401069,2.2795255,0
1.6027911830142187,47.6446464533841,0.24924314,0
0.7154374757549249,41.69698274227002,nan,0
-40.067258538472466,44.34852538420253,0.32764512,0
67.56292029788648,121.17545608113062,nan,0
-76.55296931732587,151.10468291801237,nan,0
57.40249691994819,-101.89135952681383,nan,0
75.13200211694223,-177.68592078946182,0.39365602,0
23.919018720273684,-22.80103684976359,0.15055297,0
35.51180708397325,134.80180857691613,nan,0
-55.51389818290003,-59.626860041956064,0.28572145,0
13.539075076042039,98.71636462299028,nan,0
77.58935223855622,135.01034430146348,1.7002394,0
14.023295976198142,88.92976893713177,0.17033142,0
33.906633096525425,114.52947430493117,nan,0
27.3716,-77.6441,0.0761613,1
48.436668033337185,-54.92653795923587,nan,0
32.424373496496614,102.34952640899559,nan,0
64.86769213829146,54.80252145619744,nan,0
49.50947660509411,-127.06481875359268,5.4026456,0
53.078059239050106,36.87503031655356,nan,0
27.8349356494316,-61.71643764717089,0.042142678,0
-63.67143129585281,-69.87209913923706,0.24088053,0
-73.95372522781014,-85.82241666394998,nan,0
10.42187025810314,-141.4412079175361,0.101347655,0
-44.86001240355271,2.4153725269322877,0.22283946,0
50.728080566964564,-101.59362459390226,nan,0
-79.95952712907172,60.02804966454684,nan,0
51.09607003974568,20.020050890357737,nan,0
26.2296,-78.7197,0.114942506,1
28.3018,-76.8581,0.075210065,1
11.770748677140418,36.98155627200401,nan,0
-15.884238678980381,-80.27705553319069,0.24838147,0
-52.65066091558785,-1.2597708421095888,0.18032429,0
26.6708,-78.2215,3.6285734,1
8.445734358246398,146.98963040127813,0.047490235,0
20.097400500013862,138.07161616744952,0.04403733,0
-37.90489789559982,15.358939940774263,0.30579823,0
24.940549535530465,103.47531146732172,nan,0
23.98342653807572,-20.054514087239454,0.22845072,0
33.07296357041639,68.06979533003738,nan,0
-9.064844032553466,-32.17385815779488,0.05557667,0
-14.527389946576264,-66.54622486150787,nan,0
27.3057,-77.7206,0.08045431,1
-12.121729548485064,-143.39323922282802,0.10030602,0
22.018587329019567,-178.6477745470199,0.04210991,0
28.98580395015074,79.06679096132927,nan,0
72.4563377525923,22.934958122356818,1.173037,0
28.2003,-76.3962,0.07159876,1
-65.74497276257597,-170.60186233167968,0.3653451,0
28.1205,-76.66,0.07271968,1
-19.33017457128379,134.1023716291666,nan,0
27.2887,-77.6804,0.08045431,1
75.7776613135999,-170.88131317554215,0.26501873,0
-77.4054508984875,-97.92052308390319,nan,0
-44.91952238635635,-47.30684329557786,0.5397033,0
82.3345988860205,-133.82735369610248,nan,0
18.785213529783633,37.80534118971363,1.2426305,0
-57.06198023060438,143.5162614178384,0.14858459,0
43.10392496857412,-128.53552492465494,0.30692956,0
63.23711897881961,6.2460783633733,1.165148,0
85.96503278174521,50.17620925923063,nan,0
53.29787747813472,-38.91119047878041,0.6646238,0
27.7223,-77.1383,0.071495466,1
26.7798,-78.2971,2.9185889,1
-30.994146757589952,7.197482165653582,0.12967438,0
59.014213492036504,123.68020115873463,nan,0
-1.1823066077958373,-97.33730758295322,0.21058479,0
-1.5293541374642956,-150.4239275692737,0.17279695,0
75.37611640831673,-106.08751270647593,nan,0
79.06955101748835,-43.652719780535364,nan,0
27.6768,-77.1693,0.07173856,1
42.2847308951913,163.1412633728961,0.40353993,0
85.56862660470503,-102.71321409894624,nan,0
26.4581,-78.5029,0.12718903,1
-4.992427025041479,121.02526037250004,0.1677694,0
27.1981,-77.2919,0.073433995,1
-52.909450137925596,58.93849293543914,0.1589634,0
-35.69790862577543,179.2288351375921,0.19855304,0
9.19491276407399,-138.00659367619315,0.10360707,0
-39.22435064106508,-20.651940003763173,0.28921,0
86.05591990217945,161.74625783335688,nan,0
77.59997812358498,-166.50450999141623,0.17505674,0
65.61365643174616,138.33073340584133,nan,0
-62.843793016187604,-108.89499413629322,0.17835063,0
20.041933774757297,75.9485669511034,nan,0
-81.55631629537281,91.8187934615512,nan,0
86.33549923026808,10.915372744832439,nan,0
-15.397914039220183,-155.80743865443196,0.03583874,0
27.4083,-77.5733,0.07480604,1
-36.37749630817277,-91.4462264393835,0.08923627,0
-71.85849512810819,165.79024268755364,nan,0
-84.37291367433724,33.45665297373881,nan,0
8.092809572379721,-93.44514123501932,0.29328105,0
19.5388959314449,27.30181335159901,nan,0
-21.272057701984878,-157.62490653844606,0.026083363,0
-32.293375788779684,-179.32236611264995,0.15757209,0
13.126828888352577,71.55543503203114,0.19653785,0
-74.6117993009236,132.00860402832194,nan,0
-57.87709924355871,-1.633642399302147,0.33831978,0
28.2782,-76.4895,0.07287428,1
-40.31151522765943,143.38813012547138,0.28259227,0
28.2804,-76.319,0.07322091,1
14.594010197856818,-110.13202225598747,0.12710357,0
15.047292870750965,-64.43476588879089,0.17439537,0
17.219219488145953,-107.37370536500174,0.1404859,0
-15.922626072272834,104.5886190290953,0.09976222,0
39.70982516067869,6.65727022562487,0.1709303,0
-71.4245242134871,-168.47097008434713,0.31787902,0
-82.47091745097742,-8.973463986819866,nan,0
82.43010663565141,-41.82163452479401,nan,0
51.025273827181536,35.988704084594644,nan,0
-8.81665915741246,174.494930074516,0.05381073,0
55.211361220566886,102.74868936067855,nan,0
-77.69143510234667,158.8624398645137,nan,0
-9.817829731089702,-147.41381764878304,0.107142486,0
37.467514452344105,-37.59245797714661,0.15475298,0
33.97707232619783,21.635120526363465,0.09493918,0
72.45213177325718,-165.49302986423038,0.6267678,0
-62.744275853622355,140.5774743156186,0.32842132,0
64.78681268098046,96.67962606487066,nan,0
-15.755984514156708,51.38190865440379,0.070973955,0
-16.331949661086213,48.66626655155028,nan,0
15.594616686108395,-143.35704045795825,0.06275069,0
-54.65630356325481,172.20055921476165,0.1672845,0
4.1558839801565455,-140.44335435626493,0.14372604,0
-86.81197879599014,-46.69789452467069,nan,0
28.0047,-76.8268,0.07164682,1
34.737705288102575,114.74296643557983,nan,0
-51.01049402694561,5.254027600694087,0.26805633,0
26.4939,-78.0242,0.12307841,1
89.84688502702656,-94.53473587994988,nan,0
27.5452,-76.9593,0.06929326,1
-85.94165749280582,-171.11743874206812,nan,0
-45.12351989299552,99.0777766026128,0.18180601,0
28.5629,-76.5925,0.07548769,1
27.202,-77.8957,0.102936685,1
27.892,-76.9287,0.07132184,1
79.16045778015769,-108.93916102510032,0.10205939,0
-40.91167855744858,134.09650027515,0.25785902,0
-46.62054344576589,-59.5780614404881,0.5349115,0
12.074173345985088,-84.96629421071363,nan,0
-6.939784735055781,160.01426798736378,0.08248078,0
77.49391568536373,-76.221855790225,0.92289597,0
23.925791397661698,138.21820915646504,0.057699535,0
-63.1094579563579,-133.91794923446133,0.23545074,0
25.9139,-78.5709,0.2960203,1
47.91137233601489,71.59093252117557,nan,0
49.11305120375707,175.60726232508932,0.48142934,0
62.688093982165555,-173.67377228599312,1.1419859,0
-44.64332523607411,-121.61738521688731,0.10211836,0
69.48756762009549,85.59522179321334,nan,0
25.55630028388157,-32.197136847341824,0.05837164,0
-13.53569676202821,67.76906541962603,0.07862438,0
-37.74004178047555,-57.20056797881327,3.5235202,0
66.90283956857488,43.200186861309106,6.507628,0
-34.12949576992674,101.06769151227007,0.13478607,0
89.22375341710901,-58.153710466741174,nan,0
26.0934,-78.4514,0.11180921,1
27.505,-77.0283,0.06998004,1
26.3048,-78.228,0.11437048,1
11.252020938291338,-86.51762293575835,1.2061336,0
-53.624683634981515,95.05509199587027,0.20957237,0
-57.15970492794447,1.0671999520094175,0.2566366,0
-83.17351939756747,-117.76231024963812,nan,0
-83.47644921771199,41.74589309552027,nan,0
-42.372496192077904,-17.44758838022048,0.32819244,0
-6.714560425166113,-120.07022176692175,0.12844439,0
-28.750519999112356,-154.18221938973238,0.03393098,0
44.84485518582318,72.69465204152155,nan,0
27.9321,-76.8858,0.07209061,1
-33.11641416273385,-48.99433726518069,0.16348091,0
-31.636861811388002,15.808350954786334,0.45684654,0
26.7147,-77.7787,1.9358019,1
6.979117820806152,-87.0509314473839,0.15750374,0
-56.61606980734585,-104.09478673273867,0.14070527,0
-19.127814510547267,-48.90865307131617,nan,0
31.332785355072588,158.6009832262797,0.11933863,0
25.05657525440236,-44.38982160305298,0.04410049,0
72.51971983022409,-131.97854269032464,0.18246128,0
-6.261051818487246,113.07457303784423,0.29608244,0
-54.52559711449605,37.95157366946296,0.17636871,0
23.719115353953512,-54.63013384517109,0.037123296,0
58.807288954021885,55.19580217993641,nan,0
-33.5865855503417,-134.56542401448172,0.043181095,0
27.6156,-76.8766,0.069195904,1
85.33430798786262,-170.9440301280787,nan,0
83.0797600817194,-37.46754507434238,nan,0
29.789854451073438,139.11058894997745,0.1179022,0
-30.34250554082,65.48814698298284,0.054729883,0
30.671830793886258,-84.12417932377475,nan,0
-64.02022209675837,18.679553463030572,0.25349754,0
70.32179028054713,128.31791623752252,nan,0
-66.40027701437047,-115.58562110898711,0.24459828,0
24.089329702808172,17.659487561135137,nan,0
35.21681374300407,123.86105621839806,0.91133475,0
-18.339575421406252,100.47879739740938,0.073132046,0
51.57841926938474,151.49205270115323,0.76370835,0
76.25625092726426,-45.09135650238997,nan,0
30.984698440643314,-141.23640825771824,0.068242975,0
-14.66880413631604,151.87263141189464,0.07546286,0
-37.83081345413147,99.96045638976693,0.15358382,0
27.5484,-77.476,0.072654925,1
-57.77807685191915,162.55896309422684,0.16588467,0
-21.573070580242643,16.422223693200607,nan,0
8.601185108426577,-27.960994489095214,0.14282767,0
-30.363376233300286,-150.80514392931696,0.037254833,0
-70.7524658427734,-147.53651302668456,0.40194044,0
27.4874,-77.4794,0.0732076,1
-66.08829038589045,-53.518817727320084,0.36376694,0
-89.55691107743019,166.87942113571717,nan,0
55.5779295664004,-114.46653846057241,nan,0
3.3026273579564673,148.6497622916355,0.06739872,0
85.30879270106274,143.90353398046494,nan,0
-33.082874584713295,142.74429459287796,nan,0
64.19299208103769,-173.60202281986452,2.147215,0
12.349347736019325,74.32008196905798,0.38526136,0
-56.53641909729673,63.94086593047791,0.1300957,0
27.8181,-77.0209,0.07125096,1
70.82460565657661,-5.280010593040657,0.58092284,0
66.73364839919111,-149.1581243989595,nan,0
22.592710891843467,-62.95811616959972,0.038821746,0
19.853690130341832,-174.21497140306332,0.03832162,0
-42.879344449688524,113.86087517735001,0.17166407,0
-73.10075335590753,43.73273827696735,nan,0
28.0435,-77.0489,0.07300256,1
29.248278660161205,-80.11108969518662,0.21822335,0
26.3643,-78.7218,0.121643096,1
50.73869081527343,-54.27864737527179,0.7073204,0
28.4232,-76.2808,0.073596045,1
39.950791868381714,177.38074289899544,0.24486934,0
62.77500680668999,169.91539379934306,nan,0
81.95131060353074,-41.755747414565775,nan,0
26.5158,-78.4664,0.14157015,1
-70.88887550977451,-53.11018312300922,0.032470897,0
-47.697456823831416,-41.15553745858131,0.44556183,0
-30.698311959755003,110.9815460338288,0.11853438,0
55.727002946038425,118.4859076249374,nan,0
86.17806835540313,-142.78570152391126,nan,0
44.236998218595176,119.58741517713514,nan,0
15.765704692441929,61.419018608459396,0.6869479,0
84.62490476799528,131.04566783295127,nan,0
44.15496284425157,77.20745316095582,nan,0
-53.57768820883562,-12.27864800883853,0.32583728,0
80.82605713915902,130.98540728479207,0.6965691,0
-57.62151459721614,90.86792809950117,0.16530553,0
-88.14552155706218,-33.40574774725707,nan,0
-59.57864176481475,39.72271840122741,0.1636903,0
9.967969072903514,-135.5420555575558,0.111376695,0
51.3249567963324,-27.575123269927616,0.5045641,0
28.436,-76.7062,0.07595814,1
-43.74838635681899,-151.9090829185454,0.13456102,0
26.0663,-78.8835,0.22580338,1
-55.822620696297754,140.64140225928026,0.13347891,0
51.729985331617314,76.63432082729537,nan,0
-83.7859431652037,22.08796202190004,nan,0
-9.480161480291713,-101.34849223590766,0.13032675,0
-78.34453293190245,-121.27097704632564,nan,0
89.83883925592534,167.96237155643252,nan,0
5.50050443915427,-72.7304090876233,nan,0
53.20225605640826,159.88256135619423,4.387486,0
79.08547517807756,76.26556949645305,0.7879768,0
-5.911762341672599,45.14935077250365,0.13820945,0
18.3636370052387,124.34107519705032,0.056328308,0
-58.19251611094532,42.24321925246963,0.15067919,0
-62.65827072627114,151.93226773145193,0.3272256,0
-52.644592700522516,-34.391401197833915,0.78216547,0
-56.9633954949431,-17.63879768376853,0.3313966,0
27.298,-77.7801,0.08358906,1
56.85666838190397,166.6150447971002,0.96692115,0
65.85171265089426,-126.8955234509514,nan,0
-0.623353829521804,54.82327012794511,0.15024815,0
88.57598296159398,-162.4370656159784,nan,0
-56.28964431980781,59.09433666728361,0.12582868,0
-13.123908718044248,-167.1405540574264,0.03223736,0
-82.28477498928157,15.931797450642932,nan,0
13.04113692531557,-167.80555998751308,0.03517104,0
32.56648406859014,-149.70856499465094,0.07551841,0
24.68773139915274,31.513444973267468,nan,0
-33.79797523049388,-61.54169740684088,nan,0
26.8734,-78.1907,2.2384179,1
61.231560416130264,124.49571707873577,nan,0
13.396671275746002,168.79700502414465,0.025827654,0
14.061451620894942,-148.70077676999907,0.058040652,0
-42.22074151317255,-99.23344858207389,0.094538845,0
-75.76719323907622,141.83065674834802,nan,0
-8.5734888251541,-68.33289660442709,nan,0
27.1418,-77.3629,0.07921211,1
-32.21003496335464,139.54633387515474,nan,0
26.8211,-77.685,1.636898,1
10.94088194268872,145.07947785965786,0.0296078,0
-48.198506754907086,153.33524397345775,0.27615312,0
58.14544225899729,3.6071371285150633,0.8610443,0
20.865595672079976,140.9675705699434,0.044031795,0
87.67684578952418,102.39441074977697,nan,0
21.201321549420754,-110.28983952172497,0.16211015,0
-43.625747802289766,23.124686253109047,0.32241333,0
30.31288791114018,28.526108923652288,nan,0
24.817194304398114,133.9563905723437,0.06949374,0
77.59790017213007,80.0616785336029,1.210606,0
-18.125231004160767,-156.9305350377888,0.024896467,0
71.47761043493114,-153.56626145212476,1.5950077,0
-74.01410319978552,26.62062968409319,nan,0
2.5770133127936816,-112.6066187419168,0.16343571,0
-5.45480382390646,25.63679092444565,nan,0
84.9722406875735,16.5798685703397,nan,0
26.5904,-78.5175,5.2930536,1
-80.43573960451695,-110.65262213210154,nan,0
-84.06221187517701,-6.248931271176531,nan,0
23.311671945853988,134.57913756371022,0.056791376,0
13.290176926646382,-150.67524774730168,0.054488342,0
-33.316237812941516,29.32950232639763,0.24714603,0
27.3499,-77.6407,0.0761613,1
28.1027,-76.6947,0.07289573,1
-30.063221154885298,69.78973677313081,0.050705176,0
53.87523560137325,-52.07440789832319,0.79218376,0
1.0519377189574755,112.98422068075035,nan,0
-67.86834930007157,-34.13282770297698,0.3311639,0
-19.29131720566778,-137.6388363421332,0.0318751,0
39.292473015996194,-11.831496035041738,0.2542232,0
-42.143458350565524,143.05450761025327,0.36105406,0
89.0387124718504,78.66204985399861,nan,0
3.3285402822747727,-112.49485162217825,0.15686236,0
87.38072708027798,-80.47454948504664,nan,0
65.70157069126515,13.061400435500047,nan,0
61.89670107548358,-47.97898456507406,nan,0
26.44,-78.0954,0.120917425,1
-63.12841974370819,160.325117803755,0.526671,0
89.67880517669681,17.612932345394796,nan,0
27.1834,-77.8302,0.09511767,1
-73.72697792098234,160.36948506355526,nan,0
89.31146460672852,-44.29563581918708,nan,0
-30.5523781831467,-58.91903125955602,nan,0
-89.25862150135761,-94.1562887409648,nan,0
1.2184192815141444,-13.018350873968188,0.27647448,0
27.3462,-77.1244,0.071072444,1
-9.512212932965923,156.8205683842612,0.12480033,0
-36.3969221509384,39.703185915119974,0.18036117,0
-44.48026639402896,80.4685366664641,0.21587452,0
0.01543187658175782,83.42447291328813,0.107211776,0
-26.3833209382775,-106.97252936475086,0.023679636,0
-75.55609834796982,69.88169998814342,nan,0
80.59211661822525,-162.98906821156262,nan,0
87.01450046189316,-9.907874528915073,nan,0
16.433608978354187,-142.14016752435782,0.059495438,0
77.8824511543634,-69.53575947096652,nan,0
-70.9622727983488,-85.73166336485696,1.4273257,0
24.859285245794368,-104.88833318449312,4.7784524,0
24.822356161782594,103.42763061477916,nan,0
-47.708557506719366,-15.7517499956802,0.2621642,0
-10.28041297566348,113.04995426638737,0.3291084,0
-84.47590357989372,9.311238767400482,nan,0
28.87136764235359,77.32258471554883,nan,0
27.1328,-77.8796,0.21053188,1
26.6648,-78.4055,0.2517568,1
66.43760724295493,86.90469201714251,nan,0
-50.232971845932944,-151.22621007064447,0.22117007,0
4.384115989998136,-77.69450041245891,1.360165,0
43.990073846587535,31.490567049827206,0.68226147,0
27.4908,-77.4977,0.0732076,1
-16.905967915359568,79.05831863709983,0.061787784,0
83.8486597256684,177.46141914128282,nan,0
41.36161844282205,40.33274034866591,0.9351601,0
-15.281763024758405,-122.76070758244289,0.08219148,0
80.29001706334213,148.46897104938432,2.5011928,0
-13.962807085056284,-72.79459019215602,nan,0
-61.49994717806123,71.23259242241969,0.23379181,0
33.26230961880195,-153.88567529304967,0.087653264,0
48.0885631566251,112.53946680061455,nan,0
72.00063621041963,17.870416563248,1.171134,0
-81.58834023572251,154.39325615809577,nan,0
-26.113213134259,55.20560557101007,0.09484646,0
52.86311353411375,-82.90929778044809,nan,0
-53.10906321363467,148.14722084789918,0.15162319,0
53.001591825373225,-15.768431591132213,0.47851682,0
-67.39742199244878,-86.80209083540875,0.25479034,0
78.24698547739791,14.470348473150892,0.6362846,0
-2.399495908855755,-177.2138156085679,0.14648427,0
-53.13523406361721,6.769352257799852,0.28794318,0
-53.52731139044624,175.23396715063626,0.17250025,0
26.4085,-78.5364,0.11867795,1
15.687302334539496,172.1994994725897,0.0288605,0
-43.70813948475642,-51.73239297990412,0.66847414,0
-3.816948738440672,-17.99122287607591,0.20391686,0
-67.53282408394674,-23.05025420074722,0.41086894,0
-46.206772975770264,-28.049276498554292,0.33898982,0
-46.83246309008687,-164.5844456351571,0.2869416,0
78.6564427342361,89.6281511915073,0.9270502,0
54.23157532958663,95.50375471093838,nan,0
-27.644752240444085,-103.98880156000271,0.023176964,0
-10.43753370893485,130.31947595389744,0.30322567,0
-58.52529378355344,156.6600732027323,0.17275478,0
-6.502298664581659,-91.42756430594733,0.17455298,0
52.23240312618677,-19.430318677355558,0.5301037,0
39.756453613346224,-136.0984423741779,0.1399652,0
52.11020668148109,25.049971888948136,nan,0
-64.5304371529505,73.89293772479363,0.22320892,0
75.71254754626972,167.44582983992012,0.61005485,0
-4.605536766186901,-150.52464279802103,0.12307224,0
-39.49996686874678,-118.92144866309063,0.09024539,0
-31.82595836504592,-127.00535416684824,0.030238247,0
-33.8393702982437,30.447613253032188,0.21751013,0
-69.82122923179725,-139.40451708637443,0.28057557,0
3.4094809197784173,105.43350878592673,0.13542777,0
40.92002514559047,102.49753235905166,nan,0
2.5400383323190994,23.078706662577815,nan,0
-23.713771722334954,95.72866711613557,0.047120932,0
-9.098273319588756,33.03990427187483,nan,0
-63.129903072387066,166.17427463529378,0.5106508,0
67.33380684890614,16.571636481690547,2.2484536,0
-88.86605641469207,-47.928903593811725,nan,0
25.10167059012042,54.439723024197434,1.1658754,0
60.491265682810734,-55.1720901459841,1.1075099,0
71.50272955753675,-71.34174629455745,0.52883846,0
-38.02994212247552,72.9673323964038,0.1858999,0
-75.70997287682994,-141.99533795475023,nan,0
26.7249,-78.3174,4.071119,1
27.4552,-77.0563,0.069524385,1
62.68310914933326,112.78573245210174,nan,0
-54.69116419176906,-33.79261880624938,0.37961882,0
-9.354155659117993,-85.72163161566299,0.24030532,0
26.7981,-78.2682,2.9185889,1
-89.2782116919755,128.78679448740445,nan,0
46.591991204018285,173.35735454449633,0.4196231,0
28.1454,-76.9307,0.07401198,1
66.76903655509383,147.70678587606028,nan,0
-22.157527464718868,-35.97934007890626,0.07102091,0
39.13769565918241,-16.218560886294483,0.19053522,0
-50.1706517781667,-140.73091040047711,0.18486719,0
62.89738192690959,-95.57253570050808,nan,0
-40.17154445857359,-175.23719118204303,0.2450809,0
28.3252,-76.2679,0.07322091,1
28.6466,-76.5199,0.075056806,1
72.24708199075181,161.2211596419727,3.026988,0
27.8672,-76.6417,0.06984658,1
-73.98323255516264,127.55527746282826,nan,0
-32.25246360893971,81.84360327173658,0.07733769,0
-3.5117453096427624,-34.99205064875693,0.088323556,0
-35.52406637877802,63.437777954670054,0.15519221,0
27.7832,-77.2441,0.072203256,1
27.6158,-77.4201,0.07217203,1
13.046091252298382,-46.439017885396254,0.08873338,0
20.639131974806944,-82.88374075998405,0.07724285,0
-30.738479829312823,-174.402965619569,0.10687778,0
67.95430933789385,-76.98191740879513,nan,0
-67.05274577771225,153.48331174861215,0.78560954,0
10.88455442576425,-71.55298980185195,12.980926,0
-85.3617814122997,-132.246074108939,nan,0
22.181245829275355,34.73320486044412,nan,0
14.597085774753182,-114.45760635430565,0.118456885,0
85.52751746263118,-99.28064987453709,nan,0
-7.987918787179325,-150.84114476499172,0.12379131,0
30.952425380895818,-4.022795949923108,nan,0
-59.60197292238551,68.30943489684151,0.11974166,0
72.67111238562495,21.57269557719266,0.9319122,0
17.53359262461693,25.01375416466854,nan,0
26.8196,-78.2487,3.1821587,1
15.311243202244938,156.16421174179766,0.02674181,0
26.9856,-78.0619,1.950515,1
-82.4776741467078,-53.84174160985991,nan,0
36.88027760190806,72.60125194026472,nan,0
76.59311432558059,-109.31144266217522,nan,0
-87.82057793840974,175.13406522995837,nan,0
27.5304,-77.4283,0.072654925,1
-88.58186127821268,112.41889802274926,nan,0
33.45226547760987,120.31556497078475,nan,0
28.3326,-76.4389,0.07287428,1
10.981206269336738,6.989914566967997,nan,0
-49.0050143610986,128.071508066952,0.15956837,0
2.409237504413042,66.17991663172577,0.1355013,0
42.21383212844128,5.168528068919898,0.39060333,0
5.504305533445574,87.72825550091562,0.15327278,0
82.01077991880814,155.15672351371478,nan,0
-30.745464457686026,178.7845042353905,0.1316949,0
-69.49518949064291,118.83713647694344,nan,0
-30.401362633124457,-56.29606776773129,nan,0
-32.234076412231346,160.60023186656207,0.18897076,0
-58.17425403534999,-27.131748866990137,0.3720683,0
-13.010086625725748,154.40312631769712,0.083515026,0
-40.30410125018477,84.63259270924902,0.1887282,0
-38.97511255900587,140.49574673560608,0.25097832,0
29.500841515558264,-148.23083746387482,0.065622576,0
28.0257,-76.5002,0.07119214,1
8.778257031997214,-155.56306133366792,0.07948696,0
-49.08410099416597,131.60025860763665,0.16608486,0
19.313937069591972,-111.89574202325429,0.11338765,0
3.390411500916187,125.44024320060822,0.11904596,0
27.3901,-77.6249,0.0761613,1
76.70600449294764,22.068118759231226,0.9627583,0
-85.95678596595894,148.70614093359035,nan,0
-82.30054139177183,149.78720975719642,nan,0
79.08670153909199,-61.461992992770135,nan,0
-25.84165955669745,17.02635708128193,nan,0
-31.17500253191752,-117.7501206913945,0.023192266,0
-46.11818331534745,-139.9679291521609,0.12198464,0
9.35127048165107,84.47664738345168,0.18099785,0
-19.83472407699854,-92.86206147633473,0.06381217,0
-63.54753155019368,111.81108151796809,0.24793494,0
-41.5573395647331,147.21294511902187,nan,0
-88.99278816916394,-31.98574818226271,nan,0
42.42926896051233,43.02521443480572,nan,0
-35.90647500632398,-59.22592106780456,nan,0
-85.99985191841384,-24.811423192413315,nan,0
18.961981223461038,26.20345566720448,nan,0
11.318664732843615,-77.50321281908381,0.12024788,0
-75.7181320360408,32.19402771924902,nan,0
-82.50501775411837,-81.53782487291922,nan,0
-88.82727566725492,14.427779584041929,nan,0
73.63995758170131,9.094504591603908,0.75225496,0
-21.56963295527899,107.09447940589541,0.10321143,0
2.2657354480354854,4.377418582052485,0.1891308,0
79.77540233074649,146.95824758239138,0.9898863,0
72.57711992629265,-168.60484381074116,0.6227733,0
3.3013268038711203,-73.94428621394522,nan,0
-24.56082334764372,25.940312481902964,nan,0
-31.74410641352447,101.43265227069617,0.09529791,0
56.58044787228653,17.440539666671413,5.061092,0
-68.68000583818825,115.04474091890222,nan,0
-48.758522321748515,-97.38905863546867,0.08534467,0
15.021744828630077,5.823974666045871,nan,0
26.768,-78.1372,2.7346985,1
-59.16885610425441,56.73566578985151,0.14247258,0
-45.53625524912438,64.49241409560136,0.21653217,0
29.54177584350974,-59.97244507197621,0.054319724,0
-0.6663844405944133,-82.48789689861748,0.5940264,0
26.7926,-77.7369,1.636898,1
21.364224201499738,176.64587537257387,0.03892852,0
66.15539057609942,-101.43285941194878,nan,0
31.487604754869338,-8.172326419335093,nan,0
-48.06201881045071,-128.2778150271502,0.13507263,0
14.591516071435976,-25.375165209135787,0.25188157,0
26.428,-78.6343,0.13488491,1
21.864564798937266,32.028228258955295,nan,0
73.79176509251707,-175.5620172636977,0.3912373,0
-16.28272629103563,-77.07609353873163,0.4295654,0
-76.55162382831521,148.88856731769465,nan,0
-88.51175805508151,170.73045438299727,nan,0
16.014761979261777,-176.5777593688088,0.035351094,0
73.52429646923116,119.01792519900727,8.200984,0
27.1145,-77.3983,0.07921211,1
-37.19127682691881,-177.35266039029568,0.19367225,0
-84.9844392245907,-175.1502590843225,nan,0
-42.25046481059867,177.52545449579304,0.42825863,0
28.5021,-76.6351,0.07548769,1
-7.96727601007143,141.77298460358816,nan,0
24.989139781190715,7.780573476360075,nan,0
-34.02458640652025,-82.03804208609826,0.16410357,0
-5.771964562134116,-75.15649717615631,nan,0
-52.670664803318246,-115.74895883265232,0.15950738,0
29.043619937478212,-64.38976867121673,0.049415085,0
-55.584272749271925,-129.3149092559238,0.1704837,0
-75.63674643974208,-53.79249477631237,0.6607505,0
27.0437,-77.5162,0.12662578,1
46.958363188621746,-54.07330682124312,nan,0
-57.9295054875474,-170.91759418454924,0.1935798,0
26.62158851306569,-130.74885620146517,0.059727933,0
-18.575166239706604,154.10152537214321,0.06397151,0
27.6201,-77.2477,0.07148459,1
4.518279074045282,-78.44021339905777,0.3324571,0
79.72702602780325,140.37396598201457,2.0068836,0
26.5703,-77.9503,0.14461316,1
68.2212913924916,-103.8575029787604,1.1796978,0
27.6099,-77.3142,0.07206486,1
34.56395406940727,-10.337495340962391,0.14292336,0
78.43503754306235,158.6773598464991,1.628073,0
24.561098535702698,118.22632653811718,5.2329507,0
84.36950219090463,-126.48012028532186,nan,0
-2.7989354791556593,-33.9202069365173,0.10252824,0
-1.8696984498716915,11.730451904391714,nan,0
16.419204568174436,25.227774850003385,nan,0
3.228499860929773,-50.715695977570164,9.738915,0
-13.68137139723352,23.996627674740722,nan,0
65.56619176484145,102.75394508571702,nan,0
-67.26549931410167,23.46748798593441,0.3414853,0
28.0867,-76.9827,0.07401198,1
37.40539653064877,-45.216504576016405,0.15449214,0
-10.614016733041808,-151.35253363116382,0.07923768,0
-33.46668764365706,-138.6588173065693,0.04263224,0
-25.404384371884817,-44.36020267890419,0.12285689,0
49.432848640597285,-54.63742542514386,nan,0
78.81415790990727,48.73612365447599,0.45869967,0
-49.5582769410172,-30.36094013431682,0.45789188,0
76.90075096861895,136.84335729004744,2.3301308,0
-86.63933559000787,-166.2565929037785,nan,0
-61.28857821653399,-140.98333834653147,0.20470385,0
17.981770287175607,54.296845041413775,nan,0
-87.1866787063274,-124.3469496785915,nan,0
44.24095867605763,30.52602108331419,0.72013295,0
56.28346057868151,-86.95277151914303,2.7075064,0
27.069,-78.0176,2.3260396,1
23.460944438633874,146.33083492556096,0.043883365,0
-69.22375156885366,82.87446418698039,nan,0
40.66071484898822,-47.806333360349015,0.31869638,0
-63.697027671886445,-149.34166743994615,0.24424252,0
28.086,-76.4445,0.07211686,1
-34.7328251405186,31.05579707518126,0.2007901,0
-37.56263020609796,-10.447938389923877,0.2926543,0
-7.835642774522029,143.69175578084992,nan,0
26.9614,-78.08,1.950515,1
-33.82156767323414,95.73622815599691,0.12184761,0
-17.510668698562654,-130.59142608726214,0.05428726,0
28.772427852419398,-40.865741282520844,0.049762458,0
12.039636951637661,98.06715973894012,2.5632503,0
53.65369513892588,-101.37324505110244,nan,0
78.0009883412144,29.020444969020673,0.5242519,0
-4.308595210989708,-35.71113775112815,0.075702496,0
38.41199514861944,-72.09217422965122,0.4542779,0
65.13265592624563,-107.09370385797222,nan,0
74.889577510182,-60.41864808054021,0.3643794,0
-12.024067433033778,156.13232054495302,0.0908466,0
-0.43356288536216425,-82.66740864429903,0.51920116,0
-12.836714556192476,56.928289146936294,0.09873142,0
28.3415,-76.2356,0.074115805,1
27.9382,-77.1175,0.0727449,1
80.43566863146299,-116.43658287570682,nan,0
27.126,-77.9232,0.46772116,1
27.441,-77.5541,0.07366602,1
35.23692483637849,141.17308475007025,0.29233018,0
-42.12328108126698,145.64513001940225,nan,0
-32.89890392264132,157.54935459541645,0.20328526,0
29.076384942536933,-163.5324444771717,0.07056643,0
26.2352,-78.3144,0.11156257,1
25.9472,-78.5273,0.12882502,1
26.9289,-77.605,2.0251956,1
-78.13782267025246,-156.87648729255963,nan,0
26.9987,-77.5493,0.68087023,1
73.75291028839632,-68.92486776221718,0.5603576,0
76.71061324605267,165.82259693660416,0.5366578,0
88.80972737166726,118.11382683749969,nan,0
-52.73198987676444,108.32161799303299,0.17972854,0
-35.0118436944953,-99.84225979526327,0.0710553,0
-27.93875876056847,19.975929307652507,nan,0
-64.94555987497297,-149.46545741048104,0.29688394,0
-71.06173287846863,26.024943455287286,nan,0
5.062222913527151,25.250765148628943,nan,0
27.7972,-76.6826,0.06952471,1
27.8641,-76.9584,0.07132184,1
-46.26526050073404,-149.67774248987706,0.1423811,0
-41.495466711340406,170.2778756430476,0.27498984,0
57.90248418013974,-31.093292922261952,0.6367152,0
9.144151299301313,26.381825894641395,nan,0
-1.984342314624982,-27.58839076734003,0.14422289,0
15.727886261644116,92.92892749471014,0.25789702,0
80.13283664246012,-28.111100046419807,nan,0
26.9021,-78.1476,2.1598718,1
-19.389195969354304,-176.2154805448145,0.08197579,0
-41.46911570019756,-20.96392968880329,0.37622854,0
-86.12373408209415,-91.74835964365717,nan,0
45.987218393767705,80.98762010418216,nan,0
27.37201627751959,159.55937454857434,0.06170927,0
14.73689572362457,90.68972673039121,0.17451642,0
-31.915440307971032,40.834772828808866,0.15825751,0
16.076787176146553,64.17063828880217,0.6143843,0
-21.514745945048418,-16.60660076701683,0.034432802,0
27.4008,-77.0671,0.06977508,1
-87.72699670895646,-43.638273353129534,nan,0
43.71227094144584,172.05711028763938,0.36221644,0
15.63702665064055,-136.00324577759713,0.07235014,0
-58.02641400591102,-125.33965457713302,0.15015438,0
72.74680521195125,177.4197480808134,0.561107,0
-31.414579919243906,-12.729920093944116,0.06809365,0
-48.551820191933906,-117.02435704932057,0.14599524,0
62.53331629886563,13.639922565150925,nan,0
73.53709092905007,168.161964657993,0.53795415,0
-61.039948151762694,-133.92996363352785,0.19676052,0
41.750128821764974,-157.49572318149882,0.24534178,0
62.02970283541424,-155.81595818049053,nan,0
-83.31487714908408,42.65372759476955,nan,0
4.118465907900585,158.80461251879643,0.05842478,0
26.6078,-78.3501,0.2517568,1
12.318674813829702,53.145721946876535,0.52364194,0
-84.31673423647952,129.82971225113505,nan,0
-1.9943986924937747,-79.55362727251382,nan,0
83.61423786545194,145.60995546613162,3.822444,0
-69.51749391463154,-70.35598170746594,nan,0
-66.92794686464147,-3.256376549608518,0.4744551,0
11.820363662091665,-16.284675083298424,3.8951783,0
-51.84947171501962,153.9396514842769,0.17980656,0
48.25340787187619,4.2995101568834,nan,0
72.22771332035882,-145.44080919847713,0.61001503,0
-66.90453537236647,82.96316641388836,0.044228207,0
57.311050212527704,102.72243678927748,nan,0
27.90465924175774,99.42272570882841,nan,0
31.20317757874311,15.646078489973661,nan,0
72.66208634274443,-84.76522218401601,nan,0
65.08957936007153,-175.30306943625413,nan,0
65.83357661575693,7.052379951983994,0.81805825,0
-54.83947832010449,127.20069302538252,0.12756713,0
-19.510243802600712,167.8493535099288,0.09566236,0
-0.7773605567926154,-16.927416291759272,0.31679377,0
23.003498371792702,-71.65548524088325,0.043954775,0
-32.048959642689866,89.3669040517131,0.08144052,0
77.32846258914782,-17.632461181687574,0.51813626,0
15.364946670727349,68.55898008218418,0.28001833,0
-44.556444765376725,-167.66313764256327,0.20463608,0
15.992051092178983,-73.77973164704827,0.10865041,0
-0.7779829057398757,-84.56635993815011,0.41490784,0
-13.037954084721079,-122.18027692008644,0.0965651,0
-19.53473984029189,-48.35806770254945,nan,0
-2.778645811033428,26.59581951333641,nan,0
-74.8260837453217,158.19875194833122,nan,0
44.37027716147256,35.72562625799955,0.73013246,0
-20.198776438340147,-146.14782009548873,0.031748194,0
-7.609208946349014,32.1310437637602,nan,0
19.791714332489903,48.66724155751595,nan,0
27.854,-77.1798,0.07242607,1
-78.91079262559299,-114.02251265021607,nan,0
71.72506311438315,87.65630885643549,nan,0
-1.8545303875733623,165.95622429200688,0.11933234,0
39.04319045525921,-125.63382920177725,0.43475017,0
41.6703074347603,68.36474452106091,nan,0
50.022130993033045,85.2948825500763,nan,0
-4.658987306003155,-55.417257213277296,nan,0
20.16856048174087,105.79967736320344,nan,0
-89.63457496729852,-103.31908641274589,nan,0
4.876785862076417,15.694948592701877,nan,0
26.8074,-78.1258,2.7346985,1
27.2417,-77.8217,0.09511767,1
-71.81283512034074,1.176629657253443,nan,0
-16.541005037049644,-133.3831009957662,0.0616799,0
-50.51663032982441,-159.04067730173242,0.23984508,0
-83.70449921305298,78.99542516956103,nan,0
-89.90022087149033,-107.28579118379415,nan,0
-22.390295385052,-93.18430667655383,0.04139128,0
19.081615244151436,-123.76610937673048,0.063124865,0
-12.56193416571486,179.3487531333604,0.040043496,0
72.43290822556227,137.33402257004974,6.9223576,0
27.2202,-77.7761,0.09511767,1
-33.03354260185529,164.19718993020638,0.18017161,0
-71.09819870865887,-162.23771626681489,0.52960616,0
-63.80127745809013,-37.193284660300975,0.7777232,0
60.53597097403011,60.24805029027851,nan,0
-40.46787525248654,82.76118644816432,0.19213423,0
-76.73469775259665,47.52277805256597,nan,0
26.3589,-78.6097,0.120116435,1
-33.69182531073207,7.469440892520339,0.13191238,0
-85.57824128572466,102.47766586790061,nan,0
71.24308925797732,-76.5167012071856,nan,0
-71.29750683925941,129.37166481451607,nan,0
88.44164343270805,124.93302287024471,nan,0
44.69882273835569,-162.542515463242,0.2762082,0
28.2265,-76.8845,0.07480386,1
-51.25266489567868,56.27342552150321,0.16893806,0
-49.17093512655946,27.78583532759933,0.19975282,0
-0.31417696525500105,-170.86874246433933,0.18933086,0
28.76411411760472,158.80569603102862,0.08085921,0
-23.95001253689351,126.48225293482136,nan,0
43.14229007140398,164.70601161021887,0.39666614,0
80.09084116909185,19.77344344255252,nan,0
-12.998986145164636,-2.3893220049306194,0.08484123,0
40.89772636329769,138.31784729003527,0.55179346,0
-19.075843499551638,159.08487257432319,0.08585766,0
46.722269249740236,100.15541560881854,nan,0
54.37626607402353,-69.42774107670894,nan,0
-56.56799136494787,-157.3777007926687,0.21383378,0
-60.72643034953295,-143.57398565177948,0.18355912,0
-41.803041856098424,-50.836560999469526,0.5608117,0
43.44029290010411,134.59847385733303,nan,0
-29.381464715304546,-17.554939966002564,0.05387729,0
76.99585891962258,-90.78981634846434,0.62189853,0
-14.913188587586333,-118.90455381077234,0.089440994,0
-25.004413770161804,-53.29699366851813,nan,0
80.03636170051948,-79.2868236301464,nan,0
-47.4061489189464,148.8963947871655,0.28496125,0
-52.41242312458514,-52.72436778342933,0.27291286,0
-73.4716006006957,-12.43859334836668,nan,0
-53.61856956117265,72.31128828402561,0.15873654,0
39.170819271620076,171.39786394945918,0.22146517,0
22.116668544484867,91.22761240294909,6.395251,0
-5.300196331435785,-55.06946087220419,nan,0
52.35729413193832,65.73096632802293,nan,0
67.87016392620586,140.2450720148355,nan,0
-24.415967011371976,2.66314759120138,0.07820807,0
28.3653,-76.3436,0.07348731,1
42.14707006533942,100.06171378572168,nan,0
23.27907781604482,-114.1602279335997,0.12317411,0
-67.10795330029022,166.1460662836276,0.9416097,0
29.115402047444604,158.74119331739467,0.08233138,0
88.11304598703404,-82.40695683586543,nan,0
7.398263073858487,-123.59725531031859,0.111999236,0
26.6743,-77.8552,2.9140258,1
30.739546440916627,166.45947164123316,0.102628276,0
73.80374395012512,22.41525664243943,1.1407878,0
27.9619,-76.519,0.07087695,1
26.5677,-78.414,0.1357306,1
22.591060882595073,116.73921559618833,0.80726725,0
26.7042,-78.2032,3.6285734,1
-69.18181983930452,45.32510911176314,nan,0
2.9036972092493727,165.49341430429507,0.09067572,0
49.313707934894296,170.32614499792322,0.5307255,0
19.261094489395475,97.21957225853043,nan,0
56.499615039372344,94.90989747355394,nan,0
-89.65326878249593,58.12698762179451,nan,0
-62.28499800782613,-54.64816239299249,0.24189578,0
-32.36942217855228,-4.8022396101129345,0.07915967,0
0.5661896040645331,-52.974010675707405,nan,0
62.84042301077301,-97.06554827281894,nan,0
-14.333621507882157,-124.65825593458487,0.089141354,0
86.85824265181265,20.304153596883936,nan,0
-40.19140789357918,152.995984516036,0.32876724,0
26.6374,-78.2853,0.20909405,1
-12.987666709442365,175.5223647527531,0.0435686,0
61.87540880644758,178.5858891854117,2.2015305,0
29.752253860573433,71.53088096050521,nan,0
-67.89116405860764,-104.29600677648529,0.27025616,0
26.618,-77.9126,1.284494,1
-83.51861970823309,-14.063363732326962,nan,0
34.8409471983113,-89.12348150345194,nan,0
63.32747932021752,67.80490063676154,nan,0
28.1166,-76.9724,0.07401198,1
26.4093,-78.6956,0.121643096,1
-67.0788061759495,69.66162528241213,0.48271003,0
-42.346986537088014,92.13825973096078,0.18439998,0
-73.81470955946935,-140.19338786392768,4.8516574,0
43.98574714955731,-112.40845869818389,nan,0
26.8707,-78.0832,2.5562696,1
14.85576076734975,100.4614762531782,nan,0
26.1252,-78.8208,0.11889477,1
85.47809844350212,-168.57830019617387,nan,0
57.26208563438354,115.00917903365541,nan,0
83.92302569938641,21.8516440280888,nan,0
64.73487260120174,170.0343671589593,nan,0
38.5535092984822,-97.03032161927118,nan,0
54.33357809761958,-141.97574235094157,0.34946364,0
-26.82030374131822,28.155866065895708,nan,0
82.82592599188038,-129.10834944086727,nan,0
59.89827372756116,-144.3073937043452,2.47273,0
88.95076978807859,133.4852087980504,nan,0
-78.96348518401462,-27.420456452368825,nan,0
78.66901395259208,-80.88951458778912,nan,0
54.630360747269265,-46.54140595525803,0.6805322,0
-34.132796426185585,116.56312248915725,nan,0
78.33141467437406,161.87165653301116,0.7184532,0
-24.36958711401924,-137.4111259424443,0.022782518,0
27.6891,-76.8185,0.06928708,1
-14.856730004576761,-170.45283406674295,0.043060534,0
26.3869,-78.146,0.11785543,1
61.95704557546159,156.2815208616259,nan,0
-60.87633821530704,46.75617178741132,0.15809755,0
63.036171367886965,-65.70045476767235,3.2570858,0
74.4465830347921,4.396027846021582,0.85964566,0
71.58442990089236,115.29061119251526,nan,0
26.3209,-78.7606,0.11819617,1
-59.68354646375808,-88.20079458642513,0.17948444,0
0.7465813860209067,-7.739593027799202,0.38760167,0
-33.42044750582231,-131.8272408388257,0.04145858,0
-79.81105067899813,-82.12843414148132,nan,0
-55.74228215316699,-160.44788761327368,0.19774199,0
25.7998,-78.6748,1.5545838,1
28.3525,-76.8198,0.07555327,1
5.940700152796737,120.03809856812939,0.48724687,0
27.3052,-77.1751,0.071904376,1
82.19073924109117,3.845912115017086,nan,0
75.66371019117105,46.039812930520895,1.2165936,0
87.40665408784852,-97.79306037369736,nan,0
-82.82263002260028,47.94753922034215,nan,0
27.0293,-77.9812,2.4607508,1
-4.542868564491286,143.4247913970633,nan,0
75.42545881726656,-29.20552858092728,nan,0
31.106600529785197,-68.48302262620382,0.079075694,0
-83.79076390846159,-110.77095560385834,nan,0
-10.29924650593371,-139.2447092699222,0.19909962,0
28.3925,-76.7729,0.07555327,1
28.1946,-76.631,0.07312421,1
-32.252090146044914,31.901129825313433,0.21560775,0
27.310587158811373,113.11516202450781,nan,0
-5.924602459372835,13.079051092508735,nan,0
44.92496931743193,-162.11233470225176,0.28464043,0
27.57946056365931,-52.95473330611617,0.041269876,0
-50.72984970464974,-164.8335163499803,0.26161167,0
24.75564828539622,28.040481455840848,nan,0
12.184515554921703,23.243376187874873,nan,0
-63.89118960750014,156.88088772470792,0.43614125,0
6.205014791068621,-141.68746415941263,0.13370018,0
26.9426,-78.0379,1.950515,1
6.920886225267537,-161.46162546461372,0.0950858,0
46.42254654835867,-80.71503002594191,nan,0
-11.942489537522462,81.74082692611722,0.08817423,0
-27.433282647608024,177.90153507316563,0.09105,0
74.99170931317667,58.92264497072463,nan,0
-37.12436767594128,-29.25605894161052,0.20285141,0
-13.246385453096721,-166.10960371885562,0.03158969,0
-9.518161709803422,21.5025533303984,nan,0
-60.48318279403864,154.57096651899616,0.23902693,0
72.2221375066782,84.59299042855395,nan,0
21.46576910727336,-44.1501642965967,0.043881092,0
-30.976484316918622,-36.84640965327952,0.10544866,0
86.30483387322082,77.08334552339278,nan,0
79.54759185560044,-23.146317110763732,nan,0
13.342794813570038,88.60255423323122,0.16161947,0
-40.10689834778731,-99.92310261450343,0.09105254,0
-19.489827364505686,-121.0431781815395,0.04103735,0
77.54400611796348,145.39056813651865,1.6870368,0
73.51987089432097,152.4553023078762,3.5987756,0
-68.39399227918697,-81.27458903050983,0.40677506,0
83.8515075861911,102.17225256090643,nan,0
-11.654126605224818,104.6523073708687,0.12838839,0
28.0513,-76.7689,0.07164682,1
-36.97265729053932,81.61876713025697,0.16743298,0
33.65856122392381,-47.06844534328806,0.11160031,0
-44.54431178098831,-162.85089605881473,0.18510897,0
-54.459747324492774,-125.31982122339207,0.16815944,0
34.09293705509991,-88.55936264139909,nan,0
-41.097454860054405,-53.95871082433163,0.72477037,0
28.1416,-76.4362,0.07211686,1
-65.27268343439849,-53.859325424020355,0.21785657,0
6.306591955316989,-151.14862722115993,0.120929055,0
-44.88916536774898,-29.52192051757396,0.3744265,0
27.2774,-77.2365,0.071904376,1
-29.08118549536507,121.14058899558478,nan,0
-15.703406002890915,20.64704136893826,nan,0
-52.275688583303605,-144.67753341920803,0.1878794,0
24.542904809186055,131.89767667077422,0.07543619,0
-50.55603104677995,-85.7554548919418,0.09390649,0
-25.415506606397415,-145.02517307476234,0.027234877,0
-59.75797073590044,-49.07321517325818,0.4649109,0
-0.297064731652398,-51.65887804603196,nan,0
-15.770739371886549,-118.9073936999834,0.08130768,0
-53.77491603611645,133.68147810973255,0.13125552,0
35.97539497418009,-139.47642120687112,0.09253614,0
-68.05828690544203,-44.00504420977475,0.23570569,0
69.47226493505966,-140.5905258328172,nan,0
-5.445543931034365,-111.94529514764619,0.1396031,0
-85.42895258410815,91.01504236417338,nan,0
26.3046,-78.7005,0.11726821,1
27.7615,-77.0772,0.07125096,1
-72.34003348066618,-81.55050913926337,4.090872,0
17.01031729158794,-94.80621991793564,nan,0
-59.97170953846064,-94.74382608997271,0.17993435,0
-34.94568374000112,-179.39469282563886,0.19217862,0
44.884409066057344,-68.84410514678565,nan,0
27.1011,-77.9684,0.46772116,1
64.56616891729848,25.371700393165696,nan,0
49.34277425176043,-162.6660623498977,0.40603685,0
25.9984,-78.4934,0.12293809,1
-16.496716342250167,-50.86352285464531,nan,0
-73.03780442689806,-91.13821309390042,nan,0
39.3453316212902,-108.36269092525629,nan,0
1.6682877619727208,-177.8416999041165,0.15923826,0
-54.22042889920718,102.3817034006841,0.18294123,0
26.2831,-78.7862,0.11819617,1
-74.1834403488697,-18.43879985896254,nan,0
-74.35182335090653,126.88937810466916,nan,0
86.07502899932084,23.001195685980207,nan,0
26.6331,-78.4579,0.46824065,1
46.42919000404211,-75.3332453600614,nan,0
11.448797413846066,-90.35953794882532,0.44746172,0
-64.91234171449024,-49.366667116853534,0.41194758,0
26.5119,-78.5627,0.16881901,1
31.184652938484078,-138.51412157215864,0.07207884,0
5.87012260943348,98.56377799736975,0.6766424,0
-81.03460180821716,-52.25996837773549,nan,0
73.13463223130461,146.92185672082053,5.0202723,0
29.899690117103134,-55.55310257331654,0.053922087,0
-4.274769441538098,-63.316954449606456,nan,0
-37.15136203618705,-98.20988065843598,0.08485302,0
-0.588921765484443,-29.06317615275418,0.18605377,0
-68.44157328982868,-3.9896846079873853,0.5109222,0
-6.773798600984762,4.506309881417479,0.4160241,0
-15.309081696245329,-161.9748620761484,0.025955586,0
50.49159470504176,-94.27750605654374,nan,0
87.60566040783075,-158.8681506648736,nan,0
-66.91168701272241,-2.574499316592778,0.5162012,0
-13.938242457465279,108.50262392800926,0.13849021,0
54.022933119078516,162.9240275082238,0.9385984,0
58.35901586861891,117.16389103026802,nan,0
87.52154906979848,3.9983286145069883,nan,0
-41.751877756897926,-136.52391331131435,0.09935672,0
38.22173755643544,-99.9830687031918,nan,0
27.6782,-77.3798,0.07246543,1
-49.02372293887874,16.85478714723189,0.19270682,0
21.549721881551932,-30.680141258817173,0.09237817,0
28.6073,-76.5448,0.075056806,1
-27.137341168040507,-36.27633945789475,0.081531525,0
27.0829,-77.4496,0.10032826,1
11.482185462635385,-145.20244131859994,0.08657705,0
-17.318324670180957,179.11997118150703,0.13064751,0
6.552858584099809,99.77312266886656,2.581884,0
71.31143569997712,40.77850781194388,1.7912735,0
42.22513514224315,90.53133926305588,nan,0
-74.27158754813586,-150.56701109804385,2.6165285,0
25.8529,-78.5973,0.65655625,1
27.5813,-77.3849,0.07276513,1
-68.07594907968084,-100.25980417117614,0.21690908,0
-53.3029042987065,-71.91038224716429,6.245079,0
-1.0168901646730717,-92.37357257909059,0.36423385,0
-83.24920803725458,124.66951261559876,nan,0
-1.891925811833886,-131.51625381459533,0.16738048,0
48.837556082917445,-113.0664992448992,nan,0
3.8249077494511283,-52.968409827162574,nan,0
-58.07898410534522,27.56180215862733,0.17877947,0
26.324,-78.2161,0.11437048,1
27.7053,-77.3624,0.07246543,1
53.323903333756476,-123.48985307103256,nan,0
26.1899,-78.3916,0.11144144,1
-76.2328276022558,-57.9986236298862,nan,0
-79.94130659710356,-154.49111245654768,nan,0
28.2535,-76.568,0.07340406,1
21.113654916236698,-151.08230731902194,0.048775636,0
61.35667114150692,-134.13176722955674,nan,0
43.94536222333451,-51.45856362184492,0.64573306,0
64.02293678283044,47.14115518446013,nan,0
-60.19970682659358,161.1591737961071,0.200573,0
-61.02314823165298,143.53888317146652,0.1694395,0
-59.962777449358825,15.777158582825592,0.35931778,0
13.124618109436753,156.9254038575342,0.025345081,0
43.64298510337886,172.71669784697065,0.3595631,0
28.0119,-77.0639,0.07300256,1
22.131936608065658,-155.64954861044149,0.06305347,0
-58.861243170812685,-111.7445633422945,0.17318879,0
-82.02050713841014,63.2074530434389,nan,0
31.782011934936307,-125.69293706968112,0.121052966,0
62.39078820359762,-114.48912344218355,17.769014,0
44.669786326056766,97.44538583408973,nan,0
-62.765966357927624,-92.41165940577987,0.1226927,0
-69.4100748666338,50.24900431184372,nan,0
29.055394957187374,72.73150864545113,nan,0
39.17549875536227,-114.12433170288561,nan,0
-23.063993841312097,-123.43006274046328,0.01937071,0
-29.172657440753547,-101.11317782611292,0.025930135,0
-2.064010687668457,-26.095633860175752,0.1550952,0
38.57095257697475,27.801647152447117,nan,0
-45.277603249209335,157.83588092987452,0.35243618,0
-56.196352278826126,44.63709512747778,0.126243,0
82.45556760860185,-19.992927148128302,0.5830914,0
-89.89561171611437,114.15162324113595,nan,0
27.2667,-77.7192,0.08045431,1
-57.159639697307355,-17.322258465803145,0.34144628,0
19.144998798885013,-8.756982832346068,nan,0
-42.44942855420382,-79.16469397554977,0.22672495,0
-37.54444187771825,-125.52848640936432,0.07255993,0
78.81797361267297,-162.74689708996044,0.24033608,0
25.598393538211837,-74.44960285928522,0.05157121,0
26.68654710381945,138.3469691680047,0.090096675,0
89.7410682083615,66.26334924629839,nan,0
1.1409443797639653,51.63600058444155,0.22480556,0
-16.123876937163104,160.35970431294174,0.07216952,0
45.3548600676948,80.16258618068355,nan,0
41.484434824361216,-51.90104887127009,0.3512258,0
-49.30611366613891,63.776552741325645,0.16082476,0
26.2424,-78.8046,0.116005234,1
-39.65350779045609,-2.4510622620169045,0.3114973,0
-55.08113314602289,-134.2092826064938,0.17853375,0
-70.07567404646773,-134.5102517910371,0.36051843,0
-3.946465695552959,167.95967198784734,0.09213773,0
-12.873853161038227,-110.88692540492558,0.1036664,0
-85.2310144220357,-134.10930353119193,nan,0
55.82845305266821,-49.674984256333516,0.76972973,0
53.51587660293134,-151.4771916554763,0.43220574,0
39.05379214551803,-154.7299534233385,0.17723818,0
-61.25288778265366,129.03737272470516,0.1418615,0
28.126911019452564,42.75497845991296,nan,0
-70.89830078637144,-83.68225256376074,1.0850855,0
36.2573648289647,-58.27020618201547,0.12222315,0
40.07355942204873,9.957522551201862,0.18301779,0
57.27006083090723,-148.2612238114465,0.8600056,0
48.205435049303816,77.31433633243302,nan,0
-33.83807888707482,-10.94475150297339,0.09676688,0
-53.54970314327798,132.26153897645946,0.13206458,0
74.14238334279506,-31.026528314119332,nan,0
-76.52962619473064,-57.984649203805446,nan,0
27.745,-77.2691,0.07236922,1
71.00487723025063,-145.34201495541535,0.84264934,0
-86.20576475447108,-128.23980859260064,nan,0
26.1305,-78.4119,0.11111149,1
-81.25896631877004,78.08249039637633,nan,0
36.77633899305103,-159.95949302378773,0.14369504,0
-40.77998812263213,145.35489243437826,1.6583847,0
-75.76058208222881,-107.81243122435268,nan,0
-12.325403223606003,-38.317063350201096,nan,0
-58.38083675940118,-56.59294205474859,0.29338762,0
-44.79343360477812,94.21785521697188,0.17484365,0
30.413291236575674,-158.1010283170383,0.073290005,0
36.36058532230217,-71.08535902110029,0.12366574,0
15.862313644326477,152.58324946234376,0.027947282,0
26.1856,-78.7815,0.116005234,1
78.70512815856648,18.949241104169488,nan,0
-36.58352088967311,8.564532487309634,0.21766673,0
-64.18709559525152,110.53916692916658,0.30772752,0
-17.639153887039342,20.309925469349537,nan,0
-87.5584372329768,142.4012004853983,nan,0
-44.683234492454176,-23.199026021258987,0.3141645,0
20.868943954415016,128.65594479983616,0.058937233,0
-80.19140776044014,141.42937206741078,nan,0
-33.51425435857267,-171.81886391715304,0.09916242,0
22.604560634382437,-33.42879494946149,0.06729754,0
-60.109842372894605,-129.58648049550183,0.1932939,0
-24.676492629941407,-86.91008278732552,0.05518035,0
62.96225063057858,127.83813691867766,nan,0
-89.76012752851507,20.74967327907933,nan,0
8.60537110208601,-176.3079855798632,0.05263633,0
60.63858457932122,-10.237237071977063,0.59865737,0
27.358654684975363,154.93571723339613,0.06898575,0
39.6471316145892,-153.2347357258376,0.19090201,0
42.37872405153854,-179.42771035364444,0.27270553,0
28.3736,-76.2126,0.074115805,1
-72.61211882886576,-73.44756920302537,1.034546,0
45.47992526518459,154.58935114905591,0.8178426,0
27.9092,-76.5523,0.069248915,1
81.41729650942656,137.17589366054887,1.5188991,0
-72.10778251910162,61.02629916849716,nan,0
-4.7324814528463435,-113.04903353961939,0.14075857,0
33.861972528072585,83.71478710982888,nan,0
72.64967090429661,-2.3719123818029004,0.76013136,0
-73.88692381712703,-156.24763899177128,0.4342491,0
74.84294346702745,-49.67169898135805,nan,0
-85.08513867836199,59.76381223336102,nan,0
27.7437,-76.7667,0.06928708,1
-30.880542064402768,45.086110486873906,0.1381392,0
-6.539380297584074,171.942832569936,0.06800468,0
26.8685,-77.6604,1.9278467,1
12.370730882973277,-53.069521133834414,0.140738,0
6.413165592619151,82.51286984633003,0.3294291,0
-6.825176035777275,33.542097267408195,nan,0
83.05744801558299,43.68254520758495,0.062024515,0
-50.71122336548077,120.02812228405276,0.15032841,0
41.13726782218305,-30.277908018079557,0.21031179,0
19.72150934108609,-127.9162495011289,0.056211513,0
72.13753119049028,42.075388158920504,1.4674518,0
-89.38179419513476,19.228389582713476,nan,0
32.2362844699138,-58.42155781603597,0.086090825,0
-72.33890896258393,-114.75693814532141,2.970766,0
-21.191670483055788,-95.07763504508128,0.045602664,0
46.445682700635444,-65.34746533301141,nan,0
63.03017480570753,144.13398095129156,nan,0
